
{
    "comment" : "This file is used to help set default values when using the dotnet CLI extension Amazon.ElasticBeanstalk.Tools. For more information run \"dotnet eb --help\" from the project root.",
    "profile" : "ecchk_deploy",
    "region"  : "ap-northeast-1",
    "application" : "ECChkAPI",
    "environment" : "ECChkAPI-dev",
    "cname"       : "ecchkapi-dev",
    "solution-stack" : "64bit Amazon Linux 2 v2.0.4 running .NET Core",
    "environment-type" : "SingleInstance",
    "instance-profile" : "aws-elasticbeanstalk-ec2-role",
    "service-role"     : "aws-elasticbeanstalk-service-role",
    "health-check-url" : "/",
    "instance-type"    : "c5d.large",
    "key-pair"         : "",
    "iis-website"      : "Default Web Site",
    "app-path"         : "/",
    "enable-xray"      : false,
    "configuration"    : "Debug",
    "framework"        : "netcoreapp3.1",
    "self-contained"   : true,
    "enhanced-health-type" : "basic",
    "additional-options"   : "\"aws:autoscaling:launchconfiguration,SecurityGroups\"=\"sg-00cb684002bb9b525\";\"aws:ec2:vpc,Subnets\"=\"subnet-0c9b3dffe7cc46e47\"",
    "proxy-server"         : "nginx"
}