
{
    "comment" : "This file is used to help set default values when using the dotnet CLI extension Amazon.ElasticBeanstalk.Tools. For more information run \"dotnet eb --help\" from the project root.",
    "profile" : "ECChkApi_agent",
    "region"  : "ap-northeast-1",
    "application" : "ECChkAPI",
    "environment" : "ECChkAPI-dev",
    "cname"       : "ecchkapi-dev",
    "solution-stack" : "64bit Windows Server 2019 v2.5.8 running IIS 10.0",
    "environment-type" : "SingleInstance",
    "instance-profile" : "aws-elasticbeanstalk-ec2-role",
    "service-role"     : "aws-elasticbeanstalk-service-role",
    "health-check-url" : "/",
    "instance-type"    : "t1.micro",
    "key-pair"         : "",
    "iis-website"      : "Default Web Site",
    "app-path"         : "/",
    "enable-xray"      : false
}